longitude,latitude,housing_median_age,total_rooms,total_bedrooms,population,households,median_income,ocean_proximity
-122.23,37.88,41,880,129,322,126,8.3252,NEAR BAY
-122.22,37.86,21,7099,1106,2401,1138,8.3014,NEAR BAY
-122.24,37.85,52,1467,190,496,177,7.2574,NEAR BAY
-122.25,37.85,52,1274,235,558,219,5.6431,NEAR BAY
-122.25,37.85,52,1627,280,565,259,3.8462,NEAR BAY
-122.25,37.85,52,919,213,413,193,4.0368,NEAR BAY
-122.25,37.84,52,2535,489,1094,514,3.6591,NEAR BAY
-121.99,36.98,40,1104,224,669,215,4.3409,NEAR OCEAN
-122,36.98,43,1636,324,792,325,3.5562,NEAR OCEAN
-122.01,36.99,41,2548,508,1290,488,3.6902,NEAR OCEAN
-122.01,36.98,47,1250,249,607,234,4.0417,NEAR OCEAN
-122.02,36.99,30,2156,487,1023,458,2.7875,NEAR OCEAN
-122.02,36.98,21,1484,394,984,380,2.1734,NEAR OCEAN
-122.02,36.98,44,1153,238,657,219,3.2368,NEAR OCEAN
-122.04,36.98,35,2155,355,866,335,5.6188,NEAR OCEAN
