Date/Time,Max Temp (°C),Min Temp (°C),Total Precip (mm),Data_type
2025-01-01,0.2,-3.7,7.4,Historical
2025-01-02,-2.4,-8.4,0.1,Historical
2025-01-03,-8.2,-15.1,0.5,Historical
2025-01-04,-8.2,-16.4,0.8,Historical
2025-01-05,-8.6,-15.0,0.3,Historical
2025-01-06,-10.4,-19.1,0.0,Historical
2025-01-07,-9.2,-16.5,0.3,Historical
2025-01-08,-10.7,-20.9,0.0,Historical
2025-01-09,-7.6,-19.2,0.0,Historical
2025-01-10,-3.8,-24.0,2.3,Historical
2025-01-11,-3.2,-10.6,1.7,Historical
2025-01-12,-2.5,-5.4,2.4,Historical
2025-01-13,-1.1,-8.1,2.5,Historical
2025-01-14,-6.4,-14.7,0.0,Historical
2025-01-15,-5.4,-14.1,0.0,Historical
2025-01-16,-6.1,-10.6,0.1,Historical
2025-01-17,-0.7,-10.1,0.1,Historical
2025-01-18,0.8,-12.1,4.7,Historical
2025-01-19,-11.7,-23.0,0.0,Historical
2025-01-20,-12.9,-32.1,1.6,Historical
2025-01-21,-13.5,-24.8,0.4,Historical
2025-01-22,-12.8,-30.7,0.1,Historical
2025-01-23,-6.7,-23.0,0.4,Historical
2025-01-24,-9.6,-28.9,0.0,Historical
2025-01-25,-5.1,-20.3,1.1,Historical
2025-01-26,-3.8,-7.9,0.3,Historical
2025-01-27,-0.1,-11.2,7.1,Historical
2025-01-28,-11.2,-20.9,5.3,Historical
2025-01-29,-9.8,-22.6,2.1,Historical
2025-01-30,-4.6,-26.7,1.1,Historical
2025-01-31,-4.1,-17.1,0.0,Historical
2025-02-01,-13.5,-27.9,0.0,Historical
2025-02-02,-11.6,-27.7,0.9,Historical
2025-02-03,-0.9,-13.0,1.9,Historical
2025-02-04,-9.3,-26.0,0.0,Historical
2025-02-05,-9.7,-30.8,0.0,Historical
2025-02-06,-3.3,-23.3,4.6,Historical
2025-02-07,-4.9,-11.9,0.7,Historical
2025-02-08,-3.1,-20.5,0.8,Historical
2025-02-09,-3.2,-11.2,1.6,Historical
2025-02-10,-6.1,-15.0,0.8,Historical
2025-02-11,-7.9,-27.8,2.1,Historical
2025-02-12,-9.8,-31.5,11.0,Historical
2025-02-13,-7.2,-18.9,17.5,Historical
2025-02-14,-6.5,-21.2,0.0,Historical
2025-02-15,-5.8,-15.2,6.3,Historical
2025-02-16,-10.4,-16.8,18.6,Historical
2025-02-17,-11.3,-20.2,0.0,Historical
2025-02-18,-14.4,-23.1,0.0,Historical
2025-02-19,-9.4,-24.1,0.0,Historical
2025-02-20,-8.6,-27.2,0.0,Historical
2025-02-21,-8.4,-20.8,0.0,Historical
2025-02-22,-4.3,-19.0,0.2,Historical
2025-02-23,-2.0,-5.4,0.3,Historical
2025-02-24,2.3,-3.2,1.6,Historical
2025-02-25,5.0,-1.8,0.8,Historical
2025-02-26,3.2,-10.1,0.2,Historical
2025-02-27,6.2,-11.2,0.5,Historical
2025-02-28,-5.6,-15.7,6.9,Historical
2025-03-01,-4.3,-22.9,0.9,Historical
2025-03-02,-9.5,-31.0,0.0,Historical
2025-03-03,-2.9,-24.9,0.2,Historical
2025-03-04,0.7,-9.0,6.9,Historical
2025-03-05,3.0,0.1,19.1,Historical
2025-03-06,3.5,-10.1,1.3,Historical
2025-03-07,-2.4,-11.0,6.0,Historical
2025-03-08,-1.7,-12.8,0.0,Historical
2025-03-09,2.7,-7.2,3.5,Historical
2025-03-10,5.3,-6.4,0.0,Historical
2025-03-11,9.1,-9.3,0.0,Historical
2025-03-12,0.4,-14.9,0.0,Historical
2025-03-13,8.6,-15.4,0.0,Historical
2025-03-14,13.7,-10.7,0.3,Historical
2025-03-15,13.9,-2.1,2.3,Historical
2025-03-16,13.0,-1.8,19.1,Historical
2025-03-17,2.0,-8.7,0.0,Historical
2025-03-18,9.6,-6.3,0.0,Historical
2025-03-19,18.7,-2.4,0.0,Historical
2025-03-20,9.5,-6.6,8.2,Historical
2025-03-21,4.8,-11.0,0.0,Historical
2025-03-22,1.1,-14.9,2.7,Historical
2025-03-23,0.1,-18.2,0.0,Historical
2025-03-24,1.7,-6.1,9.1,Historical
2025-03-25,-0.2,-7.1,0.1,Historical
2025-03-26,0.5,-14.3,0.0,Historical
2025-03-27,5.4,-17.8,0.2,Historical
2025-03-28,-1.7,-10.9,19.3,Historical
2025-03-29,-1.2,-6.1,10.9,Historical
2025-03-30,0.4,-4.0,16.4,Historical
2025-03-31,4.2,-3.8,3.3,Historical
2025-04-01,-1.6,-14.4,0.0,Historical
2025-04-02,0.7,-15.8,9.5,Historical
2025-04-03,11.0,0.4,6.0,Historical
2025-04-04,10.3,-2.6,0.0,Historical
2025-04-05,5.1,-1.7,5.0,Historical
2025-04-06,3.4,-8.0,0.0,Historical
2025-04-07,5.9,-10.6,9.3,Historical
2025-04-08,-4.0,-17.1,2.8,Historical
2025-04-10,5.1,-16.2,0.0,Historical
2025-04-11,4.4,-1.0,0.4,Historical
2025-04-12,9.6,-3.9,0.0,Historical
2025-04-13,14.1,-5.3,0.4,Historical
2025-04-14,13.8,-4.3,0.3,Historical
2025-04-15,4.8,-2.6,1.2,Historical
2025-04-16,2.2,-5.8,0.0,Historical
2025-04-17,10.4,-9.2,0.0,Historical
2025-04-18,13.7,-4.7,2.1,Historical
2025-04-19,13.3,-0.5,7.1,Historical
2025-04-20,9.1,-2.8,0.0,Historical
2025-04-21,7.1,-3.4,8.4,Historical
2025-04-22,6.2,-2.5,0.0,Historical
2025-04-23,14.5,-4.2,0.0,Historical
2025-04-24,19.4,-1.7,3.3,Historical
2025-04-25,12.6,4.3,0.6,Historical
2025-04-26,5.9,0.6,27.1,Historical
2025-04-27,16.1,-2.1,0.3,Historical
2025-04-28,20.8,-2.6,0.0,Historical
2025-04-29,26.7,-0.6,1.8,Historical
2025-04-30,12.0,-3.4,0.0,Historical
2025-05-01,14.2,-4.7,8.1,Historical
2025-05-03,12.2,-1.2,0.0,Historical
2025-05-04,20.0,-2.7,0.3,Historical
2025-05-05,20.1,3.4,2.9,Historical
2025-05-06,20.1,10.4,1.8,Historical
2025-05-07,14.3,2.6,0.6,Historical
2025-05-08,12.9,-2.1,0.0,Historical
2025-05-09,16.4,-3.3,0.3,Historical
2025-05-10,18.7,-2.8,0.6,Historical
2025-05-11,18.1,-3.7,0.1,Historical
2025-05-12,27.6,1.8,0.0,Historical
2025-05-13,28.8,4.9,0.0,Historical
2025-05-14,20.6,13.2,0.3,Historical
2025-05-15,20.6,9.4,1.3,Historical
2025-05-16,25.7,7.4,3.8,Historical
2025-05-17,19.5,7.3,34.3,Historical
2025-05-18,11.6,3.0,1.1,Historical
2025-05-19,9.8,0.2,0.0,Historical
2025-05-20,16.5,-0.2,0.0,Historical
2025-05-21,11.0,7.0,1.1,Historical
2025-05-22,9.0,6.2,12.8,Historical
2025-05-23,9.3,5.5,7.9,Historical
2025-05-24,11.4,4.9,5.1,Historical
2025-05-25,17.0,3.1,6.8,Historical
2025-05-26,21.7,1.9,0.0,Historical
2025-05-27,24.9,1.6,0.0,Historical
2025-05-30,23.2,6.5,6.3,Historical
2025-05-31,10.7,4.1,0.2,Historical
2025-06-01,11.0,0.7,0.0,Historical
2025-06-02,21.4,-1.6,0.0,Historical
2025-06-03,27.0,4.6,0.0,Historical
2025-06-04,29.3,14.7,20.2,Historical
2025-06-05,22.2,8.7,0.1,Historical
2025-06-06,24.4,7.7,0.0,Historical
2025-06-07,21.3,5.4,0.0,Historical
2025-06-08,23.0,2.6,0.0,Historical
2025-06-10,18.3,10.9,0.1,Historical
2025-06-11,22.1,8.2,0.4,Historical
2025-06-12,18.1,4.3,0.0,Historical
2025-06-13,17.3,3.5,0.0,Historical
2025-06-14,20.2,3.8,0.0,Historical
2025-06-15,24.3,3.2,0.0,Historical
2025-06-16,26.2,4.6,0.0,Historical
2025-06-17,27.2,10.0,0.4,Historical
2025-06-18,24.4,16.9,0.0,Historical
2025-06-19,19.6,12.1,39.6,Historical
2025-06-20,21.8,9.3,0.0,Historical
2025-06-21,25.2,8.4,55.4,Historical
2025-06-22,30.5,19.8,0.0,Historical
2025-06-23,32.7,18.1,0.0,Historical
2025-06-24,31.7,17.7,0.0,Historical
2025-06-25,26.6,15.2,0.0,Historical
2025-06-26,16.5,12.0,2.0,Historical
2025-06-27,20.2,12.8,32.4,Historical
2025-06-28,21.5,14.7,0.8,Historical
2025-06-29,27.2,12.0,0.0,Historical
2025-06-30,29.9,12.3,1.4,Historical
2025-07-01,28.0,15.0,0.0,Historical
2025-07-02,27.9,13.4,0.0,Historical
2025-07-03,22.2,7.2,0.0,Historical
2025-07-04,25.4,5.5,0.0,Historical
2025-07-05,30.6,10.7,0.0,Historical
2025-07-06,29.0,16.6,12.4,Historical
2025-07-07,18.1,12.3,15.4,Historical
2025-07-08,25.5,9.8,0.0,Historical
2025-07-09,26.9,12.6,0.0,Historical
2025-07-10,27.2,13.4,5.1,Historical
2025-07-11,28.3,12.3,0.0,Historical
2025-07-12,31.1,12.3,0.0,Historical
2025-07-13,29.8,14.7,1.8,Historical
2025-07-14,28.3,13.0,0.0,Historical
2025-07-15,30.5,12.7,0.0,Historical
2025-07-16,30.7,13.9,0.1,Historical
2025-07-17,23.6,7.8,8.6,Historical
2025-07-18,24.2,5.3,0.0,Historical
2025-07-19,24.5,10.9,6.5,Historical
2025-07-20,24.7,12.1,0.7,Historical
2025-07-21,19.5,5.8,0.0,Historical
2025-07-22,23.1,3.4,0.0,Historical
2025-07-23,27.8,6.4,0.0,Historical
2025-07-24,32.5,16.2,3.7,Historical
2025-07-25,27.2,14.5,0.3,Historical
2025-07-26,28.8,12.4,0.0,Historical
2025-07-27,28.9,16.4,0.3,Historical
2025-07-28,31.2,15.1,0.0,Historical
2025-07-29,27.7,15.4,0.0,Historical
2025-07-30,24.5,10.2,0.0,Historical
2025-07-31,21.8,6.2,0.0,Historical
2025-08-01,22.1,3.6,0.0,Historical
2025-08-02,25.7,5.5,0.0,Historical
2025-08-03,26.8,12.5,0.0,Historical
2025-08-04,21.8,10.5,0.0,Historical
2025-08-05,25.0,9.4,0.0,Historical
2025-08-06,26.8,9.0,0.0,Historical
2025-08-07,28.8,10.8,0.0,Historical
2025-08-08,30.1,11.7,0.0,Historical
2025-08-09,32.1,15.3,0.0,Historical
2025-08-10,33.0,16.1,0.0,Historical
2025-08-11,33.1,15.4,0.0,Historical
2025-08-12,32.5,17.9,0.0,Historical
2025-08-13,29.6,13.0,1.0,Historical
2025-08-14,25.2,8.5,0.0,Historical
2025-08-15,28.8,6.1,0.0,Historical
2025-08-16,31.6,10.3,0.0,Historical
2025-08-17,20.8,5.8,1.1,Historical
2025-08-18,19.8,2.5,0.0,Historical
2025-08-19,16.1,8.5,1.5,Historical
2025-08-20,17.4,10.9,0.9,Historical
2025-08-21,25.0,8.1,0.0,Historical
2025-08-22,27.7,7.0,0.0,Historical
2025-08-23,25.0,13.4,10.9,Historical
2025-08-24,22.8,11.2,0.0,Historical
2025-08-25,19.8,9.9,0.4,Historical
2025-08-26,16.8,4.2,0.9,Historical
2025-08-27,20.2,4.1,0.3,Historical
2025-08-28,15.8,9.1,19.6,Historical
2025-08-29,17.1,4.8,0.0,Historical
2025-08-30,20.3,3.1,0.0,Historical
2025-08-31,23.8,3.5,0.0,Historical
2025-09-01,25.7,4.8,0.0,Historical
2025-09-02,24.5,7.8,0.0,Historical
2025-09-03,25.0,5.7,0.0,Historical
2025-09-04,15.0,1.4,12.5,Historical
2025-09-05,18.6,0.8,17.0,Historical
2025-09-06,15.2,6.9,0.0,Historical
2025-09-07,15.4,4.5,0.4,Historical
2025-09-08,16.3,0.1,0.0,Historical
2025-09-09,20.1,-0.7,0.0,Historical
2025-09-10,22.8,1.7,0.0,Historical
2025-09-11,20.1,3.4,0.0,Historical
2025-09-12,20.6,-0.5,0.0,Historical
2025-09-13,22.8,10.0,0.7,Historical
2025-09-14,21.3,6.0,0.0,Historical
2025-09-15,23.1,3.0,0.0,Historical
2025-09-16,25.3,3.1,0.0,Historical
2025-09-17,26.3,4.1,0.0,Historical
2025-09-18,22.9,6.9,0.0,Historical
2025-09-19,17.1,-0.2,0.0,Historical
2025-09-20,17.5,-2.7,0.0,Historical
2025-09-21,24.6,-3.3,1.1,Historical
2025-09-22,20.5,14.2,1.5,Historical
2025-09-23,20.7,15.0,16.4,Historical
2025-09-24,21.1,13.3,13.4,Historical
2025-09-25,17.6,11.8,0.0,Historical
2025-09-26,19.3,11.8,0.0,Historical
2025-09-27,21.6,7.9,0.0,Historical
2025-09-28,22.4,5.4,0.0,Historical
2025-09-29,24.7,2.4,0.0,Historical
2025-09-30,19.1,2.3,0.0,Historical
2025-10-01,16.2,-1.0,0.0,Historical
2025-10-02,19.5,-1.9,0.0,Historical
2025-10-03,24.4,-0.9,0.0,Historical
2025-10-04,27.9,6.0,0.0,Historical
2025-10-05,28.8,8.1,0.0,Historical
2025-10-06,26.5,8.2,0.0,Historical
2025-10-07,16.7,4.4,13.7,Historical
2025-10-08,10.4,-3.0,0.0,Historical
2025-10-09,10.6,-5.1,0.0,Historical
2025-10-10,14.4,-5.4,0.1,Historical
2025-10-11,15.9,3.5,2.0,Historical
2025-10-12,18.1,0.2,0.0,Historical
2025-10-13,20.5,-0.7,0.0,Historical
2025-10-14,21.3,0.1,0.0,Historical
2025-10-15,11.1,-2.8,0.0,Historical
2025-10-16,12.8,-5.2,0.0,Historical
2025-10-17,10.8,-3.6,3.4,Historical
2025-10-18,19.5,7.5,0.1,Historical
2025-10-19,19.5,10.7,10.5,Historical
2025-10-20,12.9,-1.1,1.1,Historical
2025-10-21,9.2,-1.1,0.5,Historical
2025-10-22,8.3,0.2,5.7,Historical
2025-10-23,7.4,-0.8,2.3,Historical
2025-10-24,5.6,-0.2,0.0,Historical
2025-10-25,6.4,-4.9,0.0,Historical
2025-10-26,4.6,-6.9,0.0,Historical
2025-10-27,8.1,-7.4,0.0,Historical
2025-10-28,10.9,-6.7,0.0,Historical
2025-10-29,11.0,-6.1,0.0,Historical
2025-10-30,3.8,-3.4,11.1,Historical
2025-10-31,3.2,0.6,20.4,Historical
2025-11-01,4.7,-0.1,0.5,Historical
2025-11-02,7.4,-0.5,0.0,Historical
2025-11-03,6.1,1.9,7.2,Historical
2025-11-04,9.6,-3.1,0.0,Historical
2025-11-05,2.2,-2.5,16.6,Historical
2025-11-06,1.1,-5.4,0.6,Historical
2025-11-07,6.4,-2.8,2.1,Historical
2025-11-08,2.5,-7.6,0.2,Historical
2025-11-09,-4.1,-7.5,0.9,Historical
2025-11-10,-5.1,-7.3,4.0,Historical
2025-11-11,-0.8,-6.5,1.6,Historical
2025-11-12,1.0,-1.6,2.8,Historical
2025-11-13,2.7,-3.0,1.1,Historical
2025-11-14,1.3,-10.3,0.3,Historical
2025-11-15,1.0,-10.6,16.8,Historical
2025-11-16,1.0,-4.3,1.4,Historical
2025-11-17,-2.2,-4.8,0.1,Historical
2025-11-18,1.8,-10.9,0.0,Historical
2025-11-19,-1.5,-12.1,0.0,Historical
2025-11-20,3.4,-12.6,0.0,Historical
2025-11-21,5.2,-3.4,1.1,Historical
2025-11-22,0.7,-8.1,0.0,Historical
2025-11-23,1.8,-5.4,3.0,Historical
2025-11-24,2.8,-3.7,0.5,Historical
2025-11-25,4.4,-0.3,0.4,Historical
2025-11-26,6.9,-0.6,3.9,Historical
2025-11-27,0.5,-5.3,2.0,Historical
2025-11-28,-5.0,-6.3,1.7,Historical
2025-11-29,-2.3,-11.0,0.0,Historical
2025-11-30,0.1,-8.7,13.4,Historical
2025-12-01,-7.5,-12.3,0.3,Historical
2025-12-02,-2.9,-13.1,1.4,Historical
2025-12-03,-2.6,-8.1,1.2,Historical
2025-12-04,-8.0,-27.8,0.0,Historical
2025-12-05,-4.7,-27.4,0.1,Historical
2025-12-06,-2.0,-12.2,1.7,Historical
2025-12-07,-7.5,-18.4,0.6,Historical
2025-12-08,-9.8,-26.5,0.0,Historical
2025-12-09,-5.7,-21.8,2.5,Historical
2025-12-10,-2.5,-12.5,5.1,Historical
2025-12-11,-10.3,-17.3,0.0,Historical
2025-12-12,-5.5,-19.3,0.0,Historical
2025-12-13,-3.7,-14.3,1.0,Historical
2025-12-14,-11.8,-21.7,0.0,Historical
2025-12-15,-6.5,-19.7,0.1,Historical
2025-12-16,-2.3,-8.1,0.3,Historical
2025-12-17,1.4,-8.9,1.2,Historical
2025-12-18,6.6,-4.4,0.1,Historical
2025-12-19,6.0,-12.2,10.7,Historical
2025-12-20,-0.5,-15.7,1.5,Historical
2025-12-21,-0.8,-20.1,0.3,Historical
2025-12-22,-4.1,-17.7,0.1,Historical
2025-12-23,0.5,-4.3,8.4,Historical
2025-12-24,-0.6,-11.3,0.0,Historical
2025-12-25,-3.2,-20.8,0.2,Historical
2025-12-26,-14.7,-21.3,10.4,Historical
2025-12-27,-7.3,-20.7,0.0,Historical
2025-12-28,-6.1,-21.2,4.5,Historical
2025-12-29,0.7,-14.8,5.6,Historical
2025-12-30,-14.8,-18.4,0.0,Historical
2025-12-31,-9.7,-18.9,1.1,Historical
2026-10-10,14.8,5.4,0.0,Forecast
2026-10-11,16.7,10.4,0.7,Forecast
2026-10-12,22.7,12.1,0.0,Forecast
2026-10-13,25.4,16.0,10.5,Forecast
2026-10-14,15.4,9.6,0.0,Forecast
2026-10-15,12.1,6.6,0.0,Forecast
2026-10-16,18.0,10.6,28.5,Forecast
2026-10-17,10.3,1.8,1.2,Forecast
2026-10-18,6.5,-0.7,0.0,Forecast
2026-10-19,11.1,1.8,0.0,Forecast
2026-10-20,13.3,4.4,0.0,Forecast
2026-10-21,15.5,6.3,0.0,Forecast
2026-10-22,17.2,11.2,0.0,Forecast
2026-10-23,10.8,3.8,0.0,Forecast
2026-10-24,6.2,1.1,0.0,Forecast
2026-10-25,6.4,2.4,0.3,Forecast
